{
  "model": "IsingParams",
  "Ksectors": [0.0],
  "eps_fit_coeffs": [4.550054525585061, -0.8297950394796495, -0.007486169629998203, -0.0038490682130255666, 3.47447130439942e-5],
  "golden_ratio_measured": 1.5946777954328417,
  "params": "IsingParams(1.0, 1.0, 0.5)",
  "Ls": [10.0, 12.0, 14.0, 16.0],
  "rmax_dispersion": 4.0,
  "scenario": "e8_isolated",
  "global_fit_cost": 0.11017479676467287,
  "m1_gap": 3.7089589929754316,
  "golden_ratio_exact": 1.6180339887,
  "n_phase_points": 23.0,
  "global_fit_theta": [6.348411690098745, -19.535733346864117, 15.283775611707743, -2.963095534514259]
}
