{
  "model": "IsingParams",
  "Ksectors": [0.0],
  "eps_fit_coeffs": [2.9100044940685628, -1.547948868697042, -0.15405305585882467, -0.004681226639938932, 0.024081018079062214],
  "golden_ratio_measured": 1.6166451682186331,
  "params": "IsingParams(1.0, 1.0, 0.04)",
  "Ls": [8.0, 10.0, 12.0, 14.0],
  "rmax_dispersion": 4.0,
  "scenario": "e8",
  "global_fit_cost": 3.0986683263138657,
  "m1_gap": 1.2274023609518194,
  "golden_ratio_exact": 1.6180339887,
  "n_phase_points": 21.0,
  "global_fit_theta": [-0.6173435795281801, 4.955656375513246, -9.203095315411863, 6.9881906851643665]
}
