{
  "model": "XXZParams",
  "Ksectors": [0.0],
  "eps_fit_coeffs": [3.5000000000000373, -0.9999999999999958, 4.342072326849109e-15, 1.0812336629217864e-14, -2.434797345325116e-14, 3.3490088053947458e-15],
  "golden_ratio_measured": null,
  "params": "XXZParams(1.0, 1.5, 2.0)",
  "Ls": [10.0, 12.0, 14.0, 16.0],
  "rmax_dispersion": 5.0,
  "scenario": "xxz",
  "global_fit_cost": 0.35428828547466357,
  "m1_gap": 2.500000000000036,
  "golden_ratio_exact": 1.6180339887,
  "n_phase_points": 26.0,
  "global_fit_theta": [3.1415907314302016, -0.550969829189186, -7.543595778901552, 4.512168102945928]
}
